Name,x,y,Region,Source
Devils Den,415208,169654,Avebury Henge,https://services.wiltshire.gov.uk/HistoryEnvRecord/Home/ViewHERItem?HER=MWI14048
West Woods,415683,165627,Avebury Henge,https://services.wiltshire.gov.uk/HistoryEnvRecord/Home/ViewHERItem?HER=MWI14049
West Kennet,410454,167741,Avebury Henge,https://services.wiltshire.gov.uk/HistoryEnvRecord/Home/ViewHERItem?HER=MWI14278
East Kennet,411630,166847,Avebury Henge,https://services.wiltshire.gov.uk/HistoryEnvRecord/Home/ViewHERItem?HER=MWI14279
White Hill,414363,167446,Avebury Henge,https://services.wiltshire.gov.uk/HistoryEnvRecord/Home/ViewHERItem?HER=MWI14311
Adam's Grave,411239,163388,Avebury Henge,https://services.wiltshire.gov.uk/HistoryEnvRecord/Home/ViewHERItem?HER=MWI14864
Old Chapel,412880,172914,Avebury Henge,https://services.wiltshire.gov.uk/HistoryEnvRecord/Home/ViewHERItem?HER=MWI15516
Temple Bottom,414857,172508,Avebury Henge,https://services.wiltshire.gov.uk/HistoryEnvRecord/Home/ViewHERItem?HER=MWI15517
Manton Down,414770,171309,Avebury Henge,https://services.wiltshire.gov.uk/HistoryEnvRecord/Home/ViewHERItem?HER=MWI15526
Roughridge Hill,405465,165774,Avebury Henge,https://services.wiltshire.gov.uk/HistoryEnvRecord/Home/ViewHERItem?HER=MWI6443
South Street,408991,169280,Avebury Henge,https://services.wiltshire.gov.uk/HistoryEnvRecord/Home/ViewHERItem?HER=MWI6444
Easton Down,406371,166094,Avebury Henge,https://services.wiltshire.gov.uk/HistoryEnvRecord/Home/ViewHERItem?HER=MWI6445
Long Stones,408702,169145,Avebury Henge,https://services.wiltshire.gov.uk/HistoryEnvRecord/Home/ViewHERItem?HER=MWI6446
East of the Avenue,410776,169517,Avebury Henge,https://services.wiltshire.gov.uk/HistoryEnvRecord/Home/ViewHERItem?HER=MWI73038
Beckhampton Road,406654,167733,Avebury Henge,https://services.wiltshire.gov.uk/HistoryEnvRecord/Home/ViewHERItem?HER=MWI7703
Beckhampton Plantation,409000,167150,Avebury Henge,https://services.wiltshire.gov.uk/HistoryEnvRecord/Home/ViewHERItem?HER=MWI7728
West of Oldbury,404432,169330,Avebury Henge,https://services.wiltshire.gov.uk/HistoryEnvRecord/Home/ViewHERItem?HER=MWI8168
Kings Play Hill,401066,165987,Avebury Henge,https://services.wiltshire.gov.uk/HistoryEnvRecord/Home/ViewHERItem?HER=MWI8169
Southeast of Hill Farm,400378,165289,Avebury Henge,https://services.wiltshire.gov.uk/HistoryEnvRecord/Home/ViewHERItem?HER=MWI8170
West of Old Shepherds Shore,403868,166083,Avebury Henge,https://services.wiltshire.gov.uk/HistoryEnvRecord/Home/ViewHERItem?HER=MWI8171
Kitchen,406682,164799,Avebury Henge,https://services.wiltshire.gov.uk/HistoryEnvRecord/Home/ViewHERItem?HER=MWI8502
Horslip,408608,170500,Avebury Henge,https://services.wiltshire.gov.uk/HistoryEnvRecord/Home/ViewHERItem?HER=MWI9030
Millbarrow,409421,172205,Avebury Henge,https://services.wiltshire.gov.uk/HistoryEnvRecord/Home/ViewHERItem?HER=MWI9031
Northwest of Camp Plantation,410076,137711,Stonehenge,https://services.wiltshire.gov.uk/HistoryEnvRecord/Home/ViewHERItem?HER=MWI10607
Rocks Hill,414157,133495,Stonehenge,https://services.wiltshire.gov.uk/HistoryEnvRecord/Home/ViewHERItem?HER=MWI11102
North of Milston Firs,418963,145993,Stonehenge,https://services.wiltshire.gov.uk/HistoryEnvRecord/Home/ViewHERItem?HER=MWI11397
Sheer Barrow,416863,148228,Stonehenge,https://services.wiltshire.gov.uk/HistoryEnvRecord/Home/ViewHERItem?HER=MWI11396
Northeast of Barrow Clump,416831,147348,Stonehenge,https://services.wiltshire.gov.uk/HistoryEnvRecord/Home/ViewHERItem?HER=MWI11612
Knighton,412792,145352,Stonehenge,https://services.wiltshire.gov.uk/HistoryEnvRecord/Home/ViewHERItem?HER=MWI11703
Northeast of Robin Hood Ball Clump,411427,146678,Stonehenge,https://services.wiltshire.gov.uk/HistoryEnvRecord/Home/ViewHERItem?HER=MWI11704
Northeast of Robin Hood Ball Clump 2,411231,146873,Stonehenge,https://services.wiltshire.gov.uk/HistoryEnvRecord/Home/ViewHERItem?HER=MWI11705
South of Robin Hood Ball Clump,410888,145880,Stonehenge,https://services.wiltshire.gov.uk/HistoryEnvRecord/Home/ViewHERItem?HER=MWI11708
North of Robin Hood Ball Clump,410883,146621,Stonehenge,https://services.wiltshire.gov.uk/HistoryEnvRecord/Home/ViewHERItem?HER=MWI11710
South of Woodhenge,415129,143168,Stonehenge,https://services.wiltshire.gov.uk/HistoryEnvRecord/Home/ViewHERItem?HER=MWI11877
Southwest of Bulford,416360,143042,Stonehenge,https://services.wiltshire.gov.uk/HistoryEnvRecord/Home/ViewHERItem?HER=MWI11878
Knighton Down,412473,144385,Stonehenge,https://services.wiltshire.gov.uk/HistoryEnvRecord/Home/ViewHERItem?HER=MWI12435
West of Stonehenge,411935,142136,Stonehenge,https://services.wiltshire.gov.uk/HistoryEnvRecord/Home/ViewHERItem?HER=MWI12440
South of Fargo Road,414601,142854,Stonehenge,https://services.wiltshire.gov.uk/HistoryEnvRecord/Home/ViewHERItem?HER=MWI12463
North of West Amesbury,414178,141941,Stonehenge,https://services.wiltshire.gov.uk/HistoryEnvRecord/Home/ViewHERItem?HER=MWI12478
Winterbourne Stoke Crossroads,409996,141504,Stonehenge,https://services.wiltshire.gov.uk/HistoryEnvRecord/Home/ViewHERItem?HER=MWI12485
Wilsford Down,410402,141180,Stonehenge,https://services.wiltshire.gov.uk/HistoryEnvRecord/Home/ViewHERItem?HER=MWI12486
North of Normanton Gorse,411540,141732,Stonehenge,https://services.wiltshire.gov.uk/HistoryEnvRecord/Home/ViewHERItem?HER=MWI12487
Normanton Down,411882,141285,Stonehenge,https://services.wiltshire.gov.uk/HistoryEnvRecord/Home/ViewHERItem?HER=MWI12488
Normanton Down 2,411408,141070,Stonehenge,https://services.wiltshire.gov.uk/HistoryEnvRecord/Home/ViewHERItem?HER=MWI12489
Lake Group,410793,140159,Stonehenge,https://services.wiltshire.gov.uk/HistoryEnvRecord/Home/ViewHERItem?HER=MWI12493
South-southeast of Longbarrow Crossroads,410102,140895,Stonehenge,https://services.wiltshire.gov.uk/HistoryEnvRecord/Home/ViewHERItem?HER=MWI13159
Southeast of Comesdeane Well,419882,151664,Stonehenge,https://services.wiltshire.gov.uk/HistoryEnvRecord/Home/ViewHERItem?HER=MWI13689
East Down,405960,149469,Stonehenge,https://services.wiltshire.gov.uk/HistoryEnvRecord/Home/ViewHERItem?HER=MWI6714
Whitebarrow,403277,146848,Stonehenge,https://services.wiltshire.gov.uk/HistoryEnvRecord/Home/ViewHERItem?HER=MWI6789
Tilshead Down,402302,146838,Stonehenge,https://services.wiltshire.gov.uk/HistoryEnvRecord/Home/ViewHERItem?HER=MWI6790
Northwest of Tilshead Lodge,402105,147523,Stonehenge,https://services.wiltshire.gov.uk/HistoryEnvRecord/Home/ViewHERItem?HER=MWI6791
Kill Barrow,400022,147899,Stonehenge,https://services.wiltshire.gov.uk/HistoryEnvRecord/Home/ViewHERItem?HER=MWI6792
Winterbourne Stoke Down,409160,142795,Stonehenge,https://services.wiltshire.gov.uk/HistoryEnvRecord/Home/ViewHERItem?HER=MWI6918
Brigmerston Field,416644,145614,Stonehenge,https://services.wiltshire.gov.uk/HistoryEnvRecord/Home/ViewHERItem?HER=MWI73372
North of Durrington Field,414588,144912,Stonehenge,https://services.wiltshire.gov.uk/HistoryEnvRecord/Home/ViewHERItem?HER=MWI74325
Ell Barrow,407304,151367,Stonehenge,https://services.wiltshire.gov.uk/HistoryEnvRecord/Home/ViewHERItem?HER=MWI7485
Southeast of Longbarrow Crossroads,410083,140590,Stonehenge,https://services.wiltshire.gov.uk/HistoryEnvRecord/Home/ViewHERItem?HER=MWI75694
